{
  "network": "mainnet",
  "prelaunch_markets": [],
  "blacklisted_markets": ["gm1_busd1", "SWTH_UST", "LUNA_SWTH"],
  "blacklisted_pools": ["34", "43", "44", "74", "83"],
  "blacklisted_tokens": [
    "swthb.1.6.d04123",
    "swth.1.18.94d5fe",
    "bneo.1.14.59a1d7",
    "ibc/F7E92EE59B5428793F3EF5C1A4CB2494F61A9D0C9A69469D02390714A1372E16",
    "ibc/4128D5DDF2EF8776B5C704C3153E1CBEC5DABC04DB0CC6221EDCC342EB04779C",
    "ibc/1B03A71B8E6F6EF424411DC9326A8E0D25D096E4D2616425CFAF2AF06F0FE717",
    "ibc/731D16914CB3304BD7D177D3D4B210D82C04E5DF86E08AC994A8675C3E00C366",
    "ibc/A59A9C955F1AB8B76671B00C1A0482C64A6590352944BB5880E5122358F7E1CE",
    "ibc/D70B0FBF97AEB04491E9ABF4467A7F66CD6250F4382CE5192D856114B83738D2",
    "ibc/4294C3DB67564CF4A0B2BFACC8415A59B38243F6FF9E288FBA34F9B4823BA16E",
    "usdc.1.6.e70e14",
    "bit.1.2.9d68c4"
  ],
  "transfer_disabled_tokens": {
    "deposit": [
      "nex.1.17.59c1ba",
      "gmx.1.19.70275d",
      "wbnb.1.6.ad598c",
      "blur.1.2.0c0069",
      "bnb.1.6.773edb",
      "zbnb.1.18.c406be",
      "usdc.1.17.851a3a"
    ],
    "withdraw": [
      "nex.1.17.59c1ba",
      "gmx.1.19.70275d",
      "wbnb.1.6.ad598c",
      "blur.1.2.0c0069",
      "bnb.1.6.773edb",
      "zbnb.1.18.c406be",
      "usdc.1.17.851a3a"
    ]
  },
  "token_name_override_map": {
    "brdg/1299d2e94c483e72f64100088886b8a5b7c13595047e53e032c9938d07a98c20": "Ether (Arbitrum)",
    "brdg/e3877e2c8ed05e404e04417747e2f430285c11dc839663b943b39ff7cbb56377": "Ether (Ethereum)"
  },
  "transfer_options": {
    "Mantle": 0,
    "Base": 1,
    "Osmosis": 2,
    "Noble": 3,
    "Cosmos Hub": 4,
    "Evmos": 5,
    "Axelar": 6,
    "Juno": 7,
    "Stride": 8,
    "Kujira": 9,
    "Terra": 10,
    "Comdex": 11,
    "Stafihub": 12,
    "Persistence Core": 13,
    "Stargaze": 14,
    "Canto": 15,
    "Sommelier": 16,
    "IRIS Hub": 17,
    "Ethereum": 18,
    "Arbitrum": 19,
    "Polygon": 20,
    "OKC": 21,
    "Binance Smart Chain": 22,
    "Carbon": 23,
    "Neo": 25,
    "Neo3": 26,
    "Zilliqa": 27,
    "Carbon EVM": 9999
  },
  "network_fees": {
    "swth": 0,
    "cgt/1": 1,
    "usc": 2,
    "ibc/A4DB47A9D3CF9A068D454513891B526702455D3EF08FB9EB558C561F9DC2B701": 3,
    "ibc/ED07A3391A112B175915CD8FAF43A2DA8E4790EDE12566649D0C2F97716B8518": 4,
    "ibc/2B58B8C147E8718EECCB3713271DF46DEE8A3A00A27242628604E31C2F370EF5": 5,
    "ibc/662914D0C1CEBCB070C68F061D035E8B10A07C79AB286E7342C85F3BE74612C5": 6,
    "ibc/3552CECB7BCE1891DB6070D37EC6E954C972B1400141308FCD85FD148BD06DE5": 7,
    "ibc/92E974290AF9E2BC3AEEEC35305C8FD76AC5A22A74CF8D91270FDF5A1C41E861": 8,
    "ibc/35E771B8682D828173F4B795F6C307780F96DC64D6F914FAE4CC9B4666F66364": 9,
    "ibc/07FA7831E1920D0C87C9388F86B0108677F6ED0C9DE7E4063F05ED675192405C": 10,
    "ibc/75249A18DEFBEFE55F83B1C70CAD234DF164F174C6BC51682EE92C2C81C18C93": 11,
    "ibc/B7864B03E1B9FD4F049243E92ABD691586F682137037A9F3FCA5222815620B3C": 12,
    "ibc/4E06CF24FEBFB3F5AF645377DCC0B70AA6183BAF6B918B8B6243FCDEB7D38118": 13,
    "usdc.1.6.53ff75": 14,
    "busd.1.6.754a80": 15,
    "eth.1.19.c3b805": 16,
    "cglp.1.19.1698d3": 17,
    "zil.1.18.1a4a06": 18,
    "bneo.1.14.e2e5f6": 19,
    "eth.1.2.942d87": 20,
    "usdc.1.2.343151": 21
  },
  "spot_history_market_list": {
    "cmkt/117": "BINANCE:ETHUSD",
    "cmkt/118": "BINANCE:BTCUSD",
    "cmkt/155": "BINANCE:TIAUSD",
    "cmkt/165": "BINANCE:MANTAUSD",
    "cmkt/158": "KRAKEN:PYTHUSD",
    "cmkt/121": "BINANCE:OSMOUSD",
    "cmkt/161": "CRYPTO:SCRTUSD",
    "cmkt/147": "BINANCE:SOLUSD",
    "cmkt/120": "BINANCE:ATOMUSD",
    "cmkt/119": "COINBASE:BLURUSD",
    "cmkt/126": "BINANCE:NEOUSD",
    "cmkt/129": "COINBASE:ARBUSD",
    "cmkt/141": "BINANCE:ZILUSD",
    "cmkt/142": "CRYPTO:MNTUSD",
    "cmkt/149": "CRYPTO:TONUSD",
    "cmkt/156": "PYTH:MEMEUSD",
    "cmkt/160": "BINANCE:STRKUSD",
    "cmkt/163": "BINANCE:STXUSD",
    "cmkt/164": "COINBASE:SEIUSD",
    "cmkt/168": "BINANCE:OPUSD",
    "cmkt/159": "KRAKEN:JUPUSD",
    "cmkt/171": "BINANCE:GASUSD",
    "cmkt/167": "BINANCE:BNBUSD",
    "cmkt/169": "COINBASE:RENDERUSD",
    "cmkt/166": "BINANCE:DYMUSD",
    "cmkt/174": "BINANCE:WLDUSD",
    "cmkt/175": "CRYPTO:PEPEUSD",
    "cmkt/176": "BINANCE:DOGEUSD",
    "cmkt/177": "KRAKEN:WIFUSD",
    "cmkt/178": "BINANCE:AXLUSD",
    "cmkt/180": "COINBASE:METISUSD",
    "cmkt/181": "BINANCE:1000PEPEUSDT.P",
    "cmkt/183": "CRYPTO:LUNAUSD",
    "cmkt/190": "BITGET:SLERFUSDT",
    "cmkt/191": "BINANCE:FTMUSD",
    "cmkt/192": "BYBIT:DEGENUSDT",
    "cmkt/200": "BINANCE:ETHBTC",
    "cmkt/201": "GATEIO:ARCHUSDT",
    "cmkt/202": "BINANCE:1000SHIBUSDT.P",
    "cmkt/203": "BYBIT:CANTOUSDT.P",
    "cmkt/205": "CRYPTO:BRETT2USD",
    "cmkt/207": "BINANCE:1000BONKUSDT.P",
    "cmkt/209": "BINANCE:1000FLOKIUSDT.P",
    "cmkt/212": "BYBIT:POPCATUSDT",
    "cmkt/226": "BINANCE:SOLETH",
    "cmkt/235": "BINANCE:NEIROETHUSDT.P",
    "cmkt/237": "CRYPTO:KASUSD",
    "cmkt/244": "BYBIT:GRASSUSDT",
    "cmkt/245": "BINANCE:GOATUSDT.P"
  },
  "perp_pool_pie_chart_colors": {
    "cmkt/117": "#875DFF",
    "cmkt/118": "#FFAC49",
    "cmkt/120": "#34395E",
    "cmkt/121": "#5E12A0",
    "cmkt/129": "#10a5f6",
    "cmkt/142": "#60b1a9",
    "cmkt/147": "#da77f6",
    "cmkt/155": "#bf48e8",
    "cmkt/158": "#e7dbfe",
    "cmkt/159": "#c0e87f",
    "cmkt/160": "#2825A4",
    "cmkt/161": "#18005E",
    "cmkt/164": "#C1121F",
    "cmkt/165": "#e36bbf",
    "cmkt/166": "#312d2d",
    "cmkt/167": "#E8B12B",
    "cmkt/168": "#C53B4A",
    "cmkt/174": "#007AFF",
    "cmkt/176": "#C0993A",
    "cmkt/178": "#007AFF",
    "cmkt/180": "#00D2FF",
    "cmkt/181": "#00A862",
    "cmkt/175": "#5ACC93",
    "cmkt/177": "#D9A468",
    "cmkt/183": "#ffd83d",
    "cmkt/190": "#fd8f00",
    "cmkt/191": "#1869fe",
    "cmkt/149": "#0099e8",
    "cmkt/194": "#1c1c1c",
    "cmkt/163": "#fc5414",
    "cmkt/126": "#00e599",
    "cmkt/141": "#4ac0bf",
    "cmkt/192": "#a26efc",
    "cmkt/119": "#d7541a",
    "cmkt/156": "#e6a20e",
    "cmkt/169": "#d11c1f",
    "cmkt/198": "#ffffff",
    "cmkt/199": "#152f50",
    "cmkt/200": "#FFDC91",
    "cmkt/201": "#ff4c01",
    "cmkt/202": "#08fc9c",
    "cmkt/203": "#ffa500",
    "cmkt/204": "#6b9cf6",
    "cmkt/205": "#61ddff",
    "cmkt/206": "#dc1576",
    "cmkt/207": "#f38a02",
    "cmkt/208": "#fe97d7",
    "cmkt/209": "#f99423",
    "cmkt/211": "#0ac18e",
    "cmkt/212": "#eedfdd",
    "cmkt/214": "#20ac9c",
    "cmkt/215": "#0b39d6",
    "cmkt/216": "#282e34",
    "cmkt/217": "#ea1d24",
    "cmkt/218": "#ea9793",
    "cmkt/219": "#3cba3c",
    "cmkt/220": "#01ec98",
    "cmkt/221": "#090909",
    "cmkt/222": "#090909",
    "cmkt/223": "#3d1c91",
    "cmkt/224": "#9391fe",
    "cmkt/225": "#e84142",
    "cmkt/226": "#49a8cf",
    "cmkt/227": "#5099ce",
    "cmkt/228": "#040404",
    "cmkt/229": "#2a5ada",
    "cmkt/230": "#c83424",
    "cmkt/231": "#4dfba9",
    "cmkt/232": "#f9a755",
    "cmkt/233": "#00e7c9",
    "cmkt/234": "#00c8fc",
    "cmkt/235": "#baa032",
    "cmkt/238": "#8f33d4",
    "cmkt/239": "#70c9bb",
    "cmkt/240": "#5046e4",
    "cmkt/241": "#f06202",
    "cmkt/242": "#1c1061",
    "cmkt/243": "#f80cb4",
    "cmkt/244": "#aaec0f",
    "cmkt/245": "#59615e",
    "cmkt/250": "#96fde4",
    "cmkt/251": "#b15efa",
    "cmkt/252": "#24d4f4",
    "Unused": "#7798E4"
  },
  "markets_override": {
    "cmkt/181": {
      "base": {
        "symbol": "1000PEPE"
      },
      "groupQuantity": 1000
    },
    "cmkt/202": {
      "base": {
        "symbol": "1000SHIB"
      },
      "groupQuantity": 1000
    },
    "cmkt/207": {
      "base": {
        "symbol": "1000BONK"
      },
      "groupQuantity": 1000
    },
    "cmkt/209": {
      "base": {
        "symbol": "1000FLOKI"
      },
      "groupQuantity": 1000
    },
    "cmkt/215": {
      "base": {
        "symbol": "1MMOG"
      },
      "groupQuantity": 1000000
    }
  },
  "demex_points_config": {
    "depositsPerSpin": 1000,
    "tradingVolumePerSpin": 10000
  },